Age,Gender,Your Program/Course,10th Percentage,12th percentage,Current percentage/CGPA,Do you have any backlogs?,Are you Aware of Neuro-Linguistic Programming (NLP)?,How effectively can you regulate your emotions under pressure?,How much does a positive emotional state improve your performance?,How quickly can you shift from stress to calm?,How well can you sustain a flow state while learning?,How strongly does slow/deep breathing improve your mental clarity?,How constructive is your self-talk during difficulty?,How effectively can you replace negative images with positive ones?,How strongly do you believe your abilities improve with consistent effort?,How strongly does sleep quality influence your mood?,How quickly can you adapt to new learning habits?,How consistently do your mental patterns help you stay productive?,How capable are you of creating new positive anchors intentionally?,How effective are your positive triggers in boosting confidence?,How frequently do you repeat specific study behaviors?,How motivated are you to build new habits?,How easily can you change your study approach when needed?,How effectively do you track your progress?,How effective is your usual approach to solving problems?,How successful is your most effective strategy?,How specific and measurable are your goals?,How clearly defined are your steps toward achieving goals?,How detailed are your mental rehearsals before exams?,How motivating is your mental image of the future?,How clearly do you define your desired results?,How intense are the emotions you feel before tests or deadlines?,How strongly does inner dialogue affect your performance?,Consent
19,1,0,55.0,50.0,40.0,1,0,4,1,4,1,1,1,4,1,1,1,1,1,1,1,1,1,3,1,1,1,1,1,1,1,4,4,1
20,0,2,55.08,50.1,40.0,1,0,4,1,4,1,1,1,4,1,1,1,1,1,1,1,1,1,3,1,1,1,1,1,1,1,4,4,1
21,1,1,55.16,50.2,40.0,1,0,4,1,4,1,1,1,4,1,1,1,1,1,1,1,1,1,3,1,1,1,1,1,1,1,4,4,1
22,0,4,55.24,50.3,40.0,1,0,4,1,4,1,1,1,4,1,1,1,1,1,1,1,1,1,3,1,1,1,1,1,1,1,4,4,1
23,1,3,55.32,50.4,40.0,1,0,4,1,4,1,1,1,4,1,1,1,1,1,1,1,1,1,3,1,1,1,1,1,1,1,4,4,1
19,0,0,55.4,50.5,40.0,1,0,4,1,4,1,1,1,4,1,1,1,1,1,1,1,1,1,3,1,1,1,1,1,1,1,4,4,1
20,1,2,55.48,50.6,40.0,1,0,4,1,4,1,1,1,4,1,1,1,1,1,1,1,1,1,3,1,1,1,1,1,1,1,4,4,1
21,0,1,55.56,50.7,40.0,1,0,4,1,4,1,1,1,4,1,1,1,1,1,1,1,1,1,3,1,1,1,1,1,1,1,4,4,1
22,1,4,55.64,50.8,40.0,1,0,4,1,4,1,1,1,4,1,1,1,1,1,1,1,1,1,3,1,1,1,1,1,1,1,4,4,1
23,0,3,55.72,50.9,40.0,1,0,4,1,4,1,1,1,4,1,1,1,1,1,1,1,1,1,3,1,1,1,1,1,1,1,4,4,1
19,1,0,55.8,51.0,40.0,1,0,4,1,4,1,1,1,4,1,1,1,1,1,1,1,1,1,3,1,1,1,1,1,1,1,4,4,1
20,0,2,55.88,51.1,40.0,1,0,4,1,4,1,1,1,4,1,1,1,1,1,1,1,1,1,3,1,1,1,1,1,1,1,4,4,1
21,1,1,55.96,51.2,40.0,1,0,4,1,4,1,1,1,4,1,1,1,1,1,1,1,1,1,3,1,1,1,1,1,1,1,4,4,1
22,0,4,56.04,51.3,40.0,1,0,4,1,4,1,1,1,4,1,1,1,1,1,1,1,1,1,3,1,1,1,1,1,1,1,4,4,1
23,1,3,56.12,51.4,40.0,1,0,4,1,4,1,1,1,4,1,1,1,1,1,1,1,1,1,3,1,1,1,1,1,1,1,4,4,1
19,0,0,56.2,51.5,40.0,1,0,4,1,4,1,1,1,4,1,1,1,1,1,1,1,1,1,3,1,1,1,1,1,1,1,4,4,1
20,1,2,56.28,51.6,40.0,1,0,4,1,4,1,1,1,4,1,1,1,1,1,1,1,1,1,3,1,1,1,1,1,1,1,4,4,1
21,0,1,56.36,51.7,40.0,1,0,4,1,4,1,1,1,4,1,1,1,1,1,1,1,1,1,3,1,1,1,1,1,1,1,4,4,1
22,1,4,56.44,51.8,40.0,1,0,4,1,4,1,1,1,4,1,1,1,1,1,1,1,1,1,3,1,1,1,1,1,1,1,4,4,1
23,0,3,56.52,51.9,40.0,1,0,4,1,4,1,1,1,4,1,1,1,1,1,1,1,1,1,3,1,1,1,1,1,1,1,4,4,1
19,1,0,56.6,52.0,40.0,1,0,4,1,4,1,1,1,4,1,1,1,1,1,1,1,1,1,3,1,1,1,1,1,1,1,4,4,1
20,0,2,56.68,52.1,40.0,1,0,4,1,4,1,1,1,4,1,1,1,1,1,1,1,1,1,3,1,1,1,1,1,1,1,4,4,1
21,1,1,56.76,52.2,40.0,1,0,4,1,4,1,1,1,4,1,1,1,1,1,1,1,1,1,3,1,1,1,1,1,1,1,4,4,1
22,0,4,56.84,52.3,40.0,1,0,4,1,4,1,1,1,4,1,1,1,1,1,1,1,1,1,3,1,1,1,1,1,1,1,4,4,1
23,1,3,56.92,52.4,40.0,1,0,4,1,4,1,1,1,4,1,1,1,1,1,1,1,1,1,3,1,1,1,1,1,1,1,4,4,1
19,0,0,57.0,52.51,40.0,1,0,4,1,4,1,1,1,4,1,1,1,1,1,1,1,1,1,3,1,1,1,1,1,1,1,4,4,1
20,1,2,57.08,52.61,40.0,1,0,4,1,4,1,1,1,4,1,1,1,1,1,1,1,1,1,3,1,1,1,1,1,1,1,4,4,1
21,0,1,57.16,52.71,40.0,1,0,4,1,4,1,1,1,4,1,1,1,1,1,1,1,1,1,3,1,1,1,1,1,1,1,4,4,1
22,1,4,57.24,52.81,40.0,1,0,4,1,4,1,1,1,4,1,1,1,1,1,1,1,1,1,3,1,1,1,1,1,1,1,4,4,1
23,0,3,57.32,52.91,40.0,1,0,4,1,4,1,1,1,4,1,1,1,1,1,1,1,1,1,3,1,1,1,1,1,1,1,4,4,1
19,1,0,57.4,53.01,40.0,1,0,4,1,4,1,1,1,4,1,1,1,1,1,1,1,1,1,3,1,1,1,1,1,1,1,4,4,1
20,0,2,57.48,53.11,40.0,1,0,4,1,4,1,1,1,4,1,1,1,1,1,1,1,1,1,3,1,1,1,1,1,1,1,4,4,1
21,1,1,57.57,53.21,40.0,1,0,4,1,4,1,1,1,4,1,1,1,1,1,1,1,1,1,3,1,1,1,1,1,1,1,4,4,1
22,0,4,57.65,53.31,40.0,1,0,4,1,4,1,1,1,4,1,1,1,1,1,1,1,1,1,3,1,1,1,1,1,1,1,4,4,1
23,1,3,57.73,53.41,40.0,1,0,4,1,4,1,1,1,4,1,1,1,1,1,1,1,1,1,3,1,1,1,1,1,1,1,4,4,1
19,0,0,57.81,53.51,40.0,1,0,4,1,4,1,1,1,4,1,1,1,1,1,1,1,1,1,3,1,1,1,1,1,1,1,4,4,1
20,1,2,57.89,53.61,40.0,1,0,4,1,4,1,1,1,4,1,1,1,1,1,1,1,1,1,3,1,1,1,1,1,1,1,4,4,1
21,0,1,57.97,53.71,40.0,1,0,4,2,4,2,2,2,4,2,2,2,2,2,2,2,2,2,3,2,2,2,2,2,2,2,4,4,1
22,1,4,58.05,53.81,40.0,1,0,4,2,4,2,2,2,4,2,2,2,2,2,2,2,2,2,3,2,2,2,2,2,2,2,4,4,1
23,0,3,58.13,53.91,40.0,1,0,4,2,4,2,2,2,4,2,2,2,2,2,2,2,2,2,3,2,2,2,2,2,2,2,4,4,1
19,1,0,58.21,54.01,40.0,1,0,4,2,4,2,2,2,4,2,2,2,2,2,2,2,2,2,3,2,2,2,2,2,2,2,4,4,1
20,0,2,58.29,54.11,40.0,1,0,4,2,4,2,2,2,4,2,2,2,2,2,2,2,2,2,3,2,2,2,2,2,2,2,4,4,1
21,1,1,58.37,54.21,40.0,1,0,4,2,4,2,2,2,4,2,2,2,2,2,2,2,2,2,3,2,2,2,2,2,2,2,4,4,1
22,0,4,58.45,54.31,40.0,1,0,4,2,4,2,2,2,4,2,2,2,2,2,2,2,2,2,3,2,2,2,2,2,2,2,4,4,1
23,1,3,58.53,54.41,40.0,1,0,4,2,4,2,2,2,4,2,2,2,2,2,2,2,2,2,3,2,2,2,2,2,2,2,4,4,1
19,0,0,58.61,54.51,40.0,1,0,4,2,4,2,2,2,4,2,2,2,2,2,2,2,2,2,3,2,2,2,2,2,2,2,4,4,1
20,1,2,58.69,54.61,40.0,1,0,4,2,4,2,2,2,4,2,2,2,2,2,2,2,2,2,3,2,2,2,2,2,2,2,4,4,1
21,0,1,58.77,54.71,40.0,1,0,4,2,4,2,2,2,4,2,2,2,2,2,2,2,2,2,3,2,2,2,2,2,2,2,4,4,1
22,1,4,58.85,54.81,40.0,1,0,4,2,4,2,2,2,4,2,2,2,2,2,2,2,2,2,3,2,2,2,2,2,2,2,4,4,1
23,0,3,58.93,54.91,40.0,1,0,4,2,4,2,2,2,4,2,2,2,2,2,2,2,2,2,3,2,2,2,2,2,2,2,4,4,1
19,1,0,59.01,55.01,40.0,1,0,4,2,4,2,2,2,4,2,2,2,2,2,2,2,2,2,3,2,2,2,2,2,2,2,4,4,1
20,0,2,59.09,55.11,40.0,1,0,4,2,4,2,2,2,4,2,2,2,2,2,2,2,2,2,3,2,2,2,2,2,2,2,4,4,1
21,1,1,59.17,55.21,40.0,1,0,4,2,4,2,2,2,4,2,2,2,2,2,2,2,2,2,3,2,2,2,2,2,2,2,4,4,1
22,0,4,59.25,55.31,40.0,1,0,4,2,4,2,2,2,4,2,2,2,2,2,2,2,2,2,3,2,2,2,2,2,2,2,4,4,1
23,1,3,59.33,55.41,40.0,1,0,4,2,4,2,2,2,4,2,2,2,2,2,2,2,2,2,3,2,2,2,2,2,2,2,4,4,1
19,0,0,59.41,55.51,40.0,1,0,4,2,4,2,2,2,4,2,2,2,2,2,2,2,2,2,3,2,2,2,2,2,2,2,4,4,1
20,1,2,59.49,55.61,40.0,1,0,4,2,4,2,2,2,4,2,2,2,2,2,2,2,2,2,3,2,2,2,2,2,2,2,4,4,1
21,0,1,59.57,55.71,40.0,1,0,4,2,4,2,2,2,4,2,2,2,2,2,2,2,2,2,3,2,2,2,2,2,2,2,4,4,1
22,1,4,59.65,55.81,40.0,1,0,4,2,4,2,2,2,4,2,2,2,2,2,2,2,2,2,3,2,2,2,2,2,2,2,4,4,1
23,0,3,59.73,55.91,40.0,1,0,4,2,4,2,2,2,4,2,2,2,2,2,2,2,2,2,3,2,2,2,2,2,2,2,4,4,1
19,1,0,59.81,56.01,40.0,1,0,4,2,4,2,2,2,4,2,2,2,2,2,2,2,2,2,3,2,2,2,2,2,2,2,4,4,1
20,0,2,59.89,56.11,40.0,1,0,4,2,4,2,2,2,4,2,2,2,2,2,2,2,2,2,3,2,2,2,2,2,2,2,4,4,1
21,1,1,59.97,56.21,40.0,1,0,4,2,4,2,2,2,4,2,2,2,2,2,2,2,2,2,3,2,2,2,2,2,2,2,4,4,1
22,0,4,60.05,56.31,40.0,1,0,4,2,4,2,2,2,4,2,2,2,2,2,2,2,2,2,3,2,2,2,2,2,2,2,4,4,1
23,1,3,60.13,56.41,40.0,1,0,4,2,4,2,2,2,4,2,2,2,2,2,2,2,2,2,3,2,2,2,2,2,2,2,4,4,1
19,0,0,60.21,56.51,40.0,1,0,4,2,4,2,2,2,4,2,2,2,2,2,2,2,2,2,3,2,2,2,2,2,2,2,4,4,1
20,1,2,60.29,56.61,40.0,1,0,4,2,4,2,2,2,4,2,2,2,2,2,2,2,2,2,3,2,2,2,2,2,2,2,4,4,1
21,0,1,60.37,56.71,40.0,1,0,4,2,4,2,2,2,4,2,2,2,2,2,2,2,2,2,3,2,2,2,2,2,2,2,4,4,1
22,1,4,60.45,56.81,40.0,1,0,4,2,4,2,2,2,4,2,2,2,2,2,2,2,2,2,3,2,2,2,2,2,2,2,4,4,1
23,0,3,60.53,56.91,40.0,1,0,4,2,4,2,2,2,4,2,2,2,2,2,2,2,2,2,3,2,2,2,2,2,2,2,4,4,1
19,1,0,60.61,57.01,40.0,1,0,4,2,4,2,2,2,4,2,2,2,2,2,2,2,2,2,3,2,2,2,2,2,2,2,4,4,1
20,0,2,60.69,57.11,40.0,1,0,4,2,4,2,2,2,4,2,2,2,2,2,2,2,2,2,3,2,2,2,2,2,2,2,4,4,1
21,1,1,60.77,57.21,40.0,1,0,4,2,4,2,2,2,4,2,2,2,2,2,2,2,2,2,3,2,2,2,2,2,2,2,4,4,1
22,0,4,60.85,57.31,40.0,1,0,4,2,4,2,2,2,4,2,2,2,2,2,2,2,2,2,3,2,2,2,2,2,2,2,4,4,1
23,1,3,60.93,57.41,40.0,1,0,5,2,5,2,2,2,5,2,2,2,2,2,2,2,2,2,3,2,2,2,2,2,2,2,5,5,1
19,0,0,61.01,57.52,40.0,1,0,5,2,5,2,2,2,5,2,2,2,2,2,2,2,2,2,3,2,2,2,2,2,2,2,5,5,1
20,1,2,61.09,57.62,40.0,1,0,5,2,5,2,2,2,5,2,2,2,2,2,2,2,2,2,3,2,2,2,2,2,2,2,5,5,1
21,0,1,61.17,57.72,40.0,1,0,5,2,5,2,2,2,5,2,2,2,2,2,2,2,2,2,3,2,2,2,2,2,2,2,5,5,1
22,1,4,61.25,57.82,40.0,1,0,5,2,5,2,2,2,5,2,2,2,2,2,2,2,2,2,3,2,2,2,2,2,2,2,5,5,1
23,0,3,61.33,57.92,40.0,1,0,5,2,5,2,2,2,5,2,2,2,2,2,2,2,2,2,3,2,2,2,2,2,2,2,5,5,1
19,1,0,61.41,58.02,40.0,1,0,5,2,5,2,2,2,5,2,2,2,2,2,2,2,2,2,3,2,2,2,2,2,2,2,5,5,1
20,0,2,61.49,58.12,40.0,1,0,5,2,5,2,2,2,5,2,2,2,2,2,2,2,2,2,3,2,2,2,2,2,2,2,5,5,1
21,1,1,61.57,58.22,40.0,1,0,5,2,5,2,2,2,5,2,2,2,2,2,2,2,2,2,3,2,2,2,2,2,2,2,5,5,1
22,0,4,61.65,58.32,40.0,1,0,5,2,5,2,2,2,5,2,2,2,2,2,2,2,2,2,3,2,2,2,2,2,2,2,5,5,1
23,1,3,61.73,58.42,40.0,1,0,5,2,5,2,2,2,5,2,2,2,2,2,2,2,2,2,3,2,2,2,2,2,2,2,5,5,1
19,0,0,61.81,58.52,40.0,1,0,5,2,5,2,2,2,5,2,2,2,2,2,2,2,2,2,3,2,2,2,2,2,2,2,5,5,1
20,1,2,61.89,58.62,40.0,1,0,5,2,5,2,2,2,5,2,2,2,2,2,2,2,2,2,3,2,2,2,2,2,2,2,5,5,1
21,0,1,61.97,58.72,40.0,1,0,5,2,5,2,2,2,5,2,2,2,2,2,2,2,2,2,3,2,2,2,2,2,2,2,5,5,1
22,1,4,62.05,58.82,40.0,1,0,5,2,5,2,2,2,5,2,2,2,2,2,2,2,2,2,3,2,2,2,2,2,2,2,5,5,1
23,0,3,62.13,58.92,40.0,1,0,5,2,5,2,2,2,5,2,2,2,2,2,2,2,2,2,3,2,2,2,2,2,2,2,5,5,1
19,1,0,62.21,59.02,40.0,1,0,5,2,5,2,2,2,5,2,2,2,2,2,2,2,2,2,3,2,2,2,2,2,2,2,5,5,1
20,0,2,62.29,59.12,40.0,1,0,5,2,5,2,2,2,5,2,2,2,2,2,2,2,2,2,3,2,2,2,2,2,2,2,5,5,1
21,1,1,62.37,59.22,40.0,1,0,5,2,5,2,2,2,5,2,2,2,2,2,2,2,2,2,3,2,2,2,2,2,2,2,5,5,1
22,0,4,62.45,59.32,40.0,1,0,5,2,5,2,2,2,5,2,2,2,2,2,2,2,2,2,3,2,2,2,2,2,2,2,5,5,1
23,1,3,62.54,59.42,40.0,1,0,5,2,5,2,2,2,5,2,2,2,2,2,2,2,2,2,3,2,2,2,2,2,2,2,5,5,1
19,0,0,62.62,59.52,40.0,1,0,5,2,5,2,2,2,5,2,2,2,2,2,2,2,2,2,3,2,2,2,2,2,2,2,5,5,1
20,1,2,62.7,59.62,40.0,1,0,5,2,5,2,2,2,5,2,2,2,2,2,2,2,2,2,3,2,2,2,2,2,2,2,5,5,1
21,0,1,62.78,59.72,40.0,1,0,5,2,5,2,2,2,5,2,2,2,2,2,2,2,2,2,3,2,2,2,2,2,2,2,5,5,1
22,1,4,62.86,59.82,40.0,1,0,5,2,5,2,2,2,5,2,2,2,2,2,2,2,2,2,3,2,2,2,2,2,2,2,5,5,1
23,0,3,62.94,59.92,40.0,1,0,5,2,5,2,2,2,5,2,2,2,2,2,2,2,2,2,3,2,2,2,2,2,2,2,5,5,1
19,1,0,63.02,60.02,40.0,1,0,5,2,5,2,2,2,5,2,2,2,2,2,2,2,2,2,3,2,2,2,2,2,2,2,5,5,1
20,0,2,63.1,60.12,40.0,1,0,5,2,5,2,2,2,5,2,2,2,2,2,2,2,2,2,3,2,2,2,2,2,2,2,5,5,1
21,1,1,63.18,60.22,40.0,1,0,5,2,5,2,2,2,5,2,2,2,2,2,2,2,2,2,3,2,2,2,2,2,2,2,5,5,1
22,0,4,63.26,60.32,40.0,1,0,5,2,5,2,2,2,5,2,2,2,2,2,2,2,2,2,3,2,2,2,2,2,2,2,5,5,1
23,1,3,63.34,60.42,40.0,1,0,5,2,5,2,2,2,5,2,2,2,2,2,2,2,2,2,3,2,2,2,2,2,2,2,5,5,1
19,0,0,63.42,60.52,40.0,1,0,5,2,5,2,2,2,5,2,2,2,2,2,2,2,2,2,3,2,2,2,2,2,2,2,5,5,1
20,1,2,63.5,60.62,40.0,1,0,5,2,5,2,2,2,5,2,2,2,2,2,2,2,2,2,3,2,2,2,2,2,2,2,5,5,1
21,0,1,63.58,60.72,40.0,1,0,5,2,5,2,2,2,5,2,2,2,2,2,2,2,2,2,3,2,2,2,2,2,2,2,5,5,1
22,1,4,63.66,60.82,40.0,1,0,5,2,5,2,2,2,5,2,2,2,2,2,2,2,2,2,3,2,2,2,2,2,2,2,5,5,1
23,0,3,63.74,60.92,40.0,1,0,5,2,5,2,2,2,5,2,2,2,2,2,2,2,2,2,3,2,2,2,2,2,2,2,5,5,1
19,1,0,63.82,61.02,40.0,1,0,5,2,5,2,2,2,5,2,2,2,2,2,2,2,2,2,3,2,2,2,2,2,2,2,5,5,1
20,0,2,63.9,61.12,40.0,1,0,5,2,5,2,2,2,5,2,2,2,2,2,2,2,2,2,3,2,2,2,2,2,2,2,5,5,1
21,1,1,63.98,61.22,40.0,1,0,5,3,5,3,3,3,5,3,3,3,3,3,3,3,3,3,3,3,3,3,3,3,3,3,5,5,1
22,0,4,64.06,61.32,40.0,1,0,5,3,5,3,3,3,5,3,3,3,3,3,3,3,3,3,3,3,3,3,3,3,3,3,5,5,1
23,1,3,64.14,61.42,40.0,1,0,5,3,5,3,3,3,5,3,3,3,3,3,3,3,3,3,3,3,3,3,3,3,3,3,5,5,1
19,0,0,64.22,61.52,40.0,1,0,5,3,5,3,3,3,5,3,3,3,3,3,3,3,3,3,3,3,3,3,3,3,3,3,5,5,1
20,1,2,64.3,61.62,40.0,1,0,5,3,5,3,3,3,5,3,3,3,3,3,3,3,3,3,3,3,3,3,3,3,3,3,5,5,1
21,0,1,64.38,61.72,40.0,1,0,5,3,5,3,3,3,5,3,3,3,3,3,3,3,3,3,3,3,3,3,3,3,3,3,5,5,1
22,1,4,64.46,61.82,40.0,1,0,5,3,5,3,3,3,5,3,3,3,3,3,3,3,3,3,3,3,3,3,3,3,3,3,5,5,1
23,0,3,64.54,61.92,40.0,1,0,5,3,5,3,3,3,5,3,3,3,3,3,3,3,3,3,3,3,3,3,3,3,3,3,5,5,1
19,1,0,64.62,62.02,40.0,1,0,5,3,5,3,3,3,5,3,3,3,3,3,3,3,3,3,3,3,3,3,3,3,3,3,5,5,1
20,0,2,64.7,62.12,40.0,1,0,5,3,5,3,3,3,5,3,3,3,3,3,3,3,3,3,3,3,3,3,3,3,3,3,5,5,1
21,1,1,64.78,62.22,40.0,1,0,5,3,5,3,3,3,5,3,3,3,3,3,3,3,3,3,3,3,3,3,3,3,3,3,5,5,1
22,0,4,64.86,62.32,40.0,1,0,5,3,5,3,3,3,5,3,3,3,3,3,3,3,3,3,3,3,3,3,3,3,3,3,5,5,1
23,1,3,64.94,62.42,40.0,1,0,5,3,5,3,3,3,5,3,3,3,3,3,3,3,3,3,3,3,3,3,3,3,3,3,5,5,1
19,0,0,65.02,62.53,40.0,1,0,5,3,5,3,3,3,5,3,3,3,3,3,3,3,3,3,3,3,3,3,3,3,3,3,5,5,1
20,1,2,65.1,62.63,40.0,1,0,5,3,5,3,3,3,5,3,3,3,3,3,3,3,3,3,3,3,3,3,3,3,3,3,5,5,1
21,0,1,65.18,62.73,40.0,1,0,5,3,5,3,3,3,5,3,3,3,3,3,3,3,3,3,3,3,3,3,3,3,3,3,5,5,1
22,1,4,65.26,62.83,40.0,1,0,5,3,5,3,3,3,5,3,3,3,3,3,3,3,3,3,3,3,3,3,3,3,3,3,5,5,1
23,0,3,65.34,62.93,40.0,1,0,5,3,5,3,3,3,5,3,3,3,3,3,3,3,3,3,3,3,3,3,3,3,3,3,5,5,1
19,1,0,65.42,63.03,40.0,1,0,5,3,5,3,3,3,5,3,3,3,3,3,3,3,3,3,3,3,3,3,3,3,3,3,5,5,1
20,0,2,65.5,63.13,40.0,1,0,5,3,5,3,3,3,5,3,3,3,3,3,3,3,3,3,3,3,3,3,3,3,3,3,5,5,1
21,1,1,65.58,63.23,40.0,1,0,5,3,5,3,3,3,5,3,3,3,3,3,3,3,3,3,3,3,3,3,3,3,3,3,5,5,1
22,0,4,65.66,63.33,40.0,1,0,5,3,5,3,3,3,5,3,3,3,3,3,3,3,3,3,3,3,3,3,3,3,3,3,5,5,1
23,1,3,65.74,63.43,40.0,1,0,5,3,5,3,3,3,5,3,3,3,3,3,3,3,3,3,3,3,3,3,3,3,3,3,5,5,1
19,0,0,65.82,63.53,40.0,1,0,5,3,5,3,3,3,5,3,3,3,3,3,3,3,3,3,3,3,3,3,3,3,3,3,5,5,1
20,1,2,65.9,63.63,40.0,1,0,5,3,5,3,3,3,5,3,3,3,3,3,3,3,3,3,3,3,3,3,3,3,3,3,5,5,1
21,0,1,65.98,63.73,40.0,1,0,5,3,5,3,3,3,5,3,3,3,3,3,3,3,3,3,3,3,3,3,3,3,3,3,5,5,1
22,1,4,66.06,63.83,40.0,1,0,5,3,5,3,3,3,5,3,3,3,3,3,3,3,3,3,3,3,3,3,3,3,3,3,5,5,1
23,0,3,66.14,63.93,40.0,1,0,5,3,5,3,3,3,5,3,3,3,3,3,3,3,3,3,3,3,3,3,3,3,3,3,5,5,1
19,1,0,66.22,64.03,40.0,1,0,5,3,5,3,3,3,5,3,3,3,3,3,3,3,3,3,3,3,3,3,3,3,3,3,5,5,1
20,0,2,66.3,64.13,40.0,1,0,5,3,5,3,3,3,5,3,3,3,3,3,3,3,3,3,3,3,3,3,3,3,3,3,5,5,1
21,1,1,66.38,64.23,40.0,1,0,5,3,5,3,3,3,5,3,3,3,3,3,3,3,3,3,3,3,3,3,3,3,3,3,5,5,1
22,0,4,66.46,64.33,40.0,1,0,5,3,5,3,3,3,5,3,3,3,3,3,3,3,3,3,3,3,3,3,3,3,3,3,5,5,1
23,1,3,66.54,64.43,40.0,1,0,5,3,5,3,3,3,5,3,3,3,3,3,3,3,3,3,3,3,3,3,3,3,3,3,5,5,1
19,0,0,66.62,64.53,40.0,1,0,5,3,5,3,3,3,5,3,3,3,3,3,3,3,3,3,3,3,3,3,3,3,3,3,5,5,1
20,1,2,66.7,64.63,40.0,1,0,5,3,5,3,3,3,5,3,3,3,3,3,3,3,3,3,3,3,3,3,3,3,3,3,5,5,1
21,0,1,66.78,64.73,40.0,1,0,5,3,5,3,3,3,5,3,3,3,3,3,3,3,3,3,3,3,3,3,3,3,3,3,5,5,1
22,1,4,66.86,64.83,40.0,1,0,5,3,5,3,3,3,5,3,3,3,3,3,3,3,3,3,3,3,3,3,3,3,3,3,5,5,1
23,0,3,66.94,64.93,40.0,1,0,5,3,5,3,3,3,5,3,3,3,3,3,3,3,3,3,3,3,3,3,3,3,3,3,5,5,1
19,1,0,67.02,65.03,40.0,0,1,3,2,3,2,2,2,3,2,2,2,2,2,2,2,2,2,3,2,2,2,2,2,2,2,3,3,1
20,0,2,67.1,65.13,40.0,0,1,3,2,3,2,2,2,3,2,2,2,2,2,2,2,2,2,3,2,2,2,2,2,2,2,3,3,1
21,1,1,67.18,65.23,40.0,0,1,3,2,3,2,2,2,3,2,2,2,2,2,2,2,2,2,3,2,2,2,2,2,2,2,3,3,1
22,0,4,67.26,65.33,40.0,0,1,3,2,3,2,2,2,3,2,2,2,2,2,2,2,2,2,3,2,2,2,2,2,2,2,3,3,1
23,1,3,67.34,65.43,40.0,0,1,3,2,3,2,2,2,3,2,2,2,2,2,2,2,2,2,3,2,2,2,2,2,2,2,3,3,1
19,0,0,67.42,65.53,40.0,0,1,3,2,3,2,2,2,3,2,2,2,2,2,2,2,2,2,3,2,2,2,2,2,2,2,3,3,1
20,1,2,67.51,65.63,40.0,0,1,3,2,3,2,2,2,3,2,2,2,2,2,2,2,2,2,3,2,2,2,2,2,2,2,3,3,1
21,0,1,67.59,65.73,40.0,0,1,3,2,3,2,2,2,3,2,2,2,2,2,2,2,2,2,3,2,2,2,2,2,2,2,3,3,1
22,1,4,67.67,65.83,40.0,0,1,3,2,3,2,2,2,3,2,2,2,2,2,2,2,2,2,3,2,2,2,2,2,2,2,3,3,1
23,0,3,67.75,65.93,40.0,0,1,3,2,3,2,2,2,3,2,2,2,2,2,2,2,2,2,3,2,2,2,2,2,2,2,3,3,1
19,1,0,67.83,66.03,40.0,0,1,3,2,3,2,2,2,3,2,2,2,2,2,2,2,2,2,3,2,2,2,2,2,2,2,3,3,1
20,0,2,67.91,66.13,40.0,0,1,3,2,3,2,2,2,3,2,2,2,2,2,2,2,2,2,3,2,2,2,2,2,2,2,3,3,1
21,1,1,67.99,66.23,40.0,0,1,3,2,3,2,2,2,3,2,2,2,2,2,2,2,2,2,3,2,2,2,2,2,2,2,3,3,1
22,0,4,68.07,66.33,40.0,0,1,3,2,3,2,2,2,3,2,2,2,2,2,2,2,2,2,3,2,2,2,2,2,2,2,3,3,1
23,1,3,68.15,66.43,40.0,0,1,3,2,3,2,2,2,3,2,2,2,2,2,2,2,2,2,3,2,2,2,2,2,2,2,3,3,1
19,0,0,68.23,66.53,40.0,0,1,3,2,3,2,2,2,3,2,2,2,2,2,2,2,2,2,3,2,2,2,2,2,2,2,3,3,1
20,1,2,68.31,66.63,40.0,0,1,3,2,3,2,2,2,3,2,2,2,2,2,2,2,2,2,3,2,2,2,2,2,2,2,3,3,1
21,0,1,68.39,66.73,40.0,0,1,3,2,3,2,2,2,3,2,2,2,2,2,2,2,2,2,3,2,2,2,2,2,2,2,3,3,1
22,1,4,68.47,66.83,40.0,0,1,3,2,3,2,2,2,3,2,2,2,2,2,2,2,2,2,3,2,2,2,2,2,2,2,3,3,1
23,0,3,68.55,66.93,40.0,0,1,3,2,3,2,2,2,3,2,2,2,2,2,2,2,2,2,3,2,2,2,2,2,2,2,3,3,1
19,1,0,68.63,67.03,40.0,0,1,3,2,3,2,2,2,3,2,2,2,2,2,2,2,2,2,3,2,2,2,2,2,2,2,3,3,1
20,0,2,68.71,67.13,40.0,0,1,3,2,3,2,2,2,3,2,2,2,2,2,2,2,2,2,3,2,2,2,2,2,2,2,3,3,1
21,1,1,68.79,67.23,40.0,0,1,3,2,3,2,2,2,3,2,2,2,2,2,2,2,2,2,3,2,2,2,2,2,2,2,3,3,1
22,0,4,68.87,67.33,40.0,0,1,3,2,3,2,2,2,3,2,2,2,2,2,2,2,2,2,3,2,2,2,2,2,2,2,3,3,1
23,1,3,68.95,67.43,40.0,0,1,3,2,3,2,2,2,3,2,2,2,2,2,2,2,2,2,3,2,2,2,2,2,2,2,3,3,1
19,0,0,69.03,67.54,40.0,0,1,3,2,3,2,2,2,3,2,2,2,2,2,2,2,2,2,3,2,2,2,2,2,2,2,3,3,1
20,1,2,69.11,67.64,40.0,0,1,3,2,3,2,2,2,3,2,2,2,2,2,2,2,2,2,3,2,2,2,2,2,2,2,3,3,1
21,0,1,69.19,67.74,40.0,0,1,3,2,3,2,2,2,3,2,2,2,2,2,2,2,2,2,3,2,2,2,2,2,2,2,3,3,1
22,1,4,69.27,67.84,40.0,0,1,3,2,3,2,2,2,3,2,2,2,2,2,2,2,2,2,3,2,2,2,2,2,2,2,3,3,1
23,0,3,69.35,67.94,40.0,0,1,3,2,3,2,2,2,3,2,2,2,2,2,2,2,2,2,3,2,2,2,2,2,2,2,3,3,1
19,1,0,69.43,68.04,40.0,0,1,3,2,3,2,2,2,3,2,2,2,2,2,2,2,2,2,3,2,2,2,2,2,2,2,3,3,1
20,0,2,69.51,68.14,40.0,0,1,3,2,3,2,2,2,3,2,2,2,2,2,2,2,2,2,3,2,2,2,2,2,2,2,3,3,1
21,1,1,69.59,68.24,40.0,0,1,3,2,3,2,2,2,3,2,2,2,2,2,2,2,2,2,3,2,2,2,2,2,2,2,3,3,1
22,0,4,69.67,68.34,40.0,0,1,3,2,3,2,2,2,3,2,2,2,2,2,2,2,2,2,3,2,2,2,2,2,2,2,3,3,1
23,1,3,69.75,68.44,40.0,0,1,3,2,3,2,2,2,3,2,2,2,2,2,2,2,2,2,3,2,2,2,2,2,2,2,3,3,1
19,0,0,69.83,68.54,40.0,0,1,3,2,3,2,2,2,3,2,2,2,2,2,2,2,2,2,3,2,2,2,2,2,2,2,3,3,1
20,1,2,69.91,68.64,40.0,0,1,3,2,3,2,2,2,3,2,2,2,2,2,2,2,2,2,3,2,2,2,2,2,2,2,3,3,1
21,0,1,69.99,68.74,40.0,0,1,3,3,3,3,3,3,3,3,3,3,3,3,3,3,3,3,3,3,3,3,3,3,3,3,3,3,1
22,1,4,70.07,68.84,40.0,0,1,3,3,3,3,3,3,3,3,3,3,3,3,3,3,3,3,3,3,3,3,3,3,3,3,3,3,1
23,0,3,70.15,68.94,40.0,0,1,3,3,3,3,3,3,3,3,3,3,3,3,3,3,3,3,3,3,3,3,3,3,3,3,3,3,1
19,1,0,70.23,69.04,40.0,0,1,3,3,3,3,3,3,3,3,3,3,3,3,3,3,3,3,3,3,3,3,3,3,3,3,3,3,1
20,0,2,70.31,69.14,40.0,0,1,3,3,3,3,3,3,3,3,3,3,3,3,3,3,3,3,3,3,3,3,3,3,3,3,3,3,1
21,1,1,70.39,69.24,40.0,0,1,3,3,3,3,3,3,3,3,3,3,3,3,3,3,3,3,3,3,3,3,3,3,3,3,3,3,1
22,0,4,70.47,69.34,40.0,0,1,3,3,3,3,3,3,3,3,3,3,3,3,3,3,3,3,3,3,3,3,3,3,3,3,3,3,1
23,1,3,70.55,69.44,40.0,0,1,3,3,3,3,3,3,3,3,3,3,3,3,3,3,3,3,3,3,3,3,3,3,3,3,3,3,1
19,0,0,70.63,69.54,40.0,0,1,3,3,3,3,3,3,3,3,3,3,3,3,3,3,3,3,3,3,3,3,3,3,3,3,3,3,1
20,1,2,70.71,69.64,40.0,0,1,3,3,3,3,3,3,3,3,3,3,3,3,3,3,3,3,3,3,3,3,3,3,3,3,3,3,1
21,0,1,70.79,69.74,40.0,0,1,3,3,3,3,3,3,3,3,3,3,3,3,3,3,3,3,3,3,3,3,3,3,3,3,3,3,1
22,1,4,70.87,69.84,40.0,0,1,3,3,3,3,3,3,3,3,3,3,3,3,3,3,3,3,3,3,3,3,3,3,3,3,3,3,1
23,0,3,70.95,69.94,40.0,0,1,3,3,3,3,3,3,3,3,3,3,3,3,3,3,3,3,3,3,3,3,3,3,3,3,3,3,1
19,1,0,71.03,70.04,40.0,0,1,3,3,3,3,3,3,3,3,3,3,3,3,3,3,3,3,3,3,3,3,3,3,3,3,3,3,1
20,0,2,71.11,70.14,40.0,0,1,3,3,3,3,3,3,3,3,3,3,3,3,3,3,3,3,3,3,3,3,3,3,3,3,3,3,1
21,1,1,71.19,70.24,40.0,0,1,3,3,3,3,3,3,3,3,3,3,3,3,3,3,3,3,3,3,3,3,3,3,3,3,3,3,1
22,0,4,71.27,70.34,40.0,0,1,3,3,3,3,3,3,3,3,3,3,3,3,3,3,3,3,3,3,3,3,3,3,3,3,3,3,1
23,1,3,71.35,70.44,40.0,0,1,3,3,3,3,3,3,3,3,3,3,3,3,3,3,3,3,3,3,3,3,3,3,3,3,3,3,1
19,0,0,71.43,70.54,40.0,0,1,3,3,3,3,3,3,3,3,3,3,3,3,3,3,3,3,3,3,3,3,3,3,3,3,3,3,1
20,1,2,71.51,70.64,40.0,0,1,3,3,3,3,3,3,3,3,3,3,3,3,3,3,3,3,3,3,3,3,3,3,3,3,3,3,1
21,0,1,71.59,70.74,40.0,0,1,3,3,3,3,3,3,3,3,3,3,3,3,3,3,3,3,3,3,3,3,3,3,3,3,3,3,1
22,1,4,71.67,70.84,40.0,0,1,3,3,3,3,3,3,3,3,3,3,3,3,3,3,3,3,3,3,3,3,3,3,3,3,3,3,1
23,0,3,71.75,70.94,40.0,0,1,3,3,3,3,3,3,3,3,3,3,3,3,3,3,3,3,3,3,3,3,3,3,3,3,3,3,1
19,1,0,71.83,71.04,40.0,0,1,3,3,3,3,3,3,3,3,3,3,3,3,3,3,3,3,3,3,3,3,3,3,3,3,3,3,1
20,0,2,71.91,71.14,40.0,0,1,3,3,3,3,3,3,3,3,3,3,3,3,3,3,3,3,3,3,3,3,3,3,3,3,3,3,1
21,1,1,71.99,71.24,40.0,0,1,3,3,3,3,3,3,3,3,3,3,3,3,3,3,3,3,3,3,3,3,3,3,3,3,3,3,1
22,0,4,72.07,71.34,40.03,0,1,3,3,3,3,3,3,3,3,3,3,3,3,3,3,3,3,3,3,3,3,3,3,3,3,3,3,1
23,1,3,72.15,71.44,40.09,0,1,3,3,3,3,3,3,3,3,3,3,3,3,3,3,3,3,3,3,3,3,3,3,3,3,3,3,1
19,0,0,72.23,71.54,40.15,0,1,3,3,3,3,3,3,3,3,3,3,3,3,3,3,3,3,3,3,3,3,3,3,3,3,3,3,1
20,1,2,72.31,71.64,40.3,0,1,3,3,3,3,3,3,3,3,3,3,3,3,3,3,3,3,3,3,3,3,3,3,3,3,3,3,1
21,0,1,72.39,71.74,40.35,0,1,3,3,3,3,3,3,3,3,3,3,3,3,3,3,3,3,3,3,3,3,3,3,3,3,3,3,1
22,1,4,72.47,71.84,40.41,0,1,3,3,3,3,3,3,3,3,3,3,3,3,3,3,3,3,3,3,3,3,3,3,3,3,3,3,1
23,0,3,72.56,71.94,40.56,0,1,3,3,3,3,3,3,3,3,3,3,3,3,3,3,3,3,3,3,3,3,3,3,3,3,3,3,1
19,1,0,72.64,72.04,40.62,0,1,3,3,3,3,3,3,3,3,3,3,3,3,3,3,3,3,3,3,3,3,3,3,3,3,3,3,1
20,0,2,72.72,72.14,40.68,0,1,3,3,3,3,3,3,3,3,3,3,3,3,3,3,3,3,3,3,3,3,3,3,3,3,3,3,1
21,1,1,72.8,72.24,40.83,0,1,3,3,3,3,3,3,3,3,3,3,3,3,3,3,3,3,3,3,3,3,3,3,3,3,3,3,1
22,0,4,72.88,72.34,40.89,0,1,3,3,3,3,3,3,3,3,3,3,3,3,3,3,3,3,3,3,3,3,3,3,3,3,3,3,1
23,1,3,72.96,72.44,40.95,0,1,4,3,4,3,3,3,4,3,3,3,3,3,3,3,3,3,3,3,3,3,3,3,3,3,4,4,1
19,0,0,73.04,72.55,41.1,0,1,4,3,4,3,3,3,4,3,3,3,3,3,3,3,3,3,3,3,3,3,3,3,3,3,4,4,1
20,1,2,73.12,72.65,41.16,0,1,4,3,4,3,3,3,4,3,3,3,3,3,3,3,3,3,3,3,3,3,3,3,3,3,4,4,1
21,0,1,73.2,72.75,41.22,0,1,4,3,4,3,3,3,4,3,3,3,3,3,3,3,3,3,3,3,3,3,3,3,3,3,4,4,1
22,1,4,73.28,72.85,41.36,0,1,4,3,4,3,3,3,4,3,3,3,3,3,3,3,3,3,3,3,3,3,3,3,3,3,4,4,1
23,0,3,73.36,72.95,41.42,0,1,4,3,4,3,3,3,4,3,3,3,3,3,3,3,3,3,3,3,3,3,3,3,3,3,4,4,1
19,1,0,73.44,73.05,41.48,0,1,4,3,4,3,3,3,4,3,3,3,3,3,3,3,3,3,3,3,3,3,3,3,3,3,4,4,1
20,0,2,73.52,73.15,41.63,0,1,4,3,4,3,3,3,4,3,3,3,3,3,3,3,3,3,3,3,3,3,3,3,3,3,4,4,1
21,1,1,73.6,73.25,41.69,0,1,4,3,4,3,3,3,4,3,3,3,3,3,3,3,3,3,3,3,3,3,3,3,3,3,4,4,1
22,0,4,73.68,73.35,41.75,0,1,4,3,4,3,3,3,4,3,3,3,3,3,3,3,3,3,3,3,3,3,3,3,3,3,4,4,1
23,1,3,73.76,73.45,41.9,0,1,4,3,4,3,3,3,4,3,3,3,3,3,3,3,3,3,3,3,3,3,3,3,3,3,4,4,1
19,0,0,73.84,73.55,41.96,0,1,4,3,4,3,3,3,4,3,3,3,3,3,3,3,3,3,3,3,3,3,3,3,3,3,4,4,1
20,1,2,73.92,73.65,42.02,0,1,4,3,4,3,3,3,4,3,3,3,3,3,3,3,3,3,3,3,3,3,3,3,3,3,4,4,1
21,0,1,74.0,73.75,42.17,0,1,4,3,4,3,3,3,4,3,3,3,3,3,3,3,3,3,3,3,3,3,3,3,3,3,4,4,1
22,1,4,74.08,73.85,42.23,0,1,4,3,4,3,3,3,4,3,3,3,3,3,3,3,3,3,3,3,3,3,3,3,3,3,4,4,1
23,0,3,74.16,73.95,42.28,0,1,4,3,4,3,3,3,4,3,3,3,3,3,3,3,3,3,3,3,3,3,3,3,3,3,4,4,1
19,1,0,74.24,74.05,42.43,0,1,4,3,4,3,3,3,4,3,3,3,3,3,3,3,3,3,3,3,3,3,3,3,3,3,4,4,1
20,0,2,74.32,74.15,42.49,0,1,4,3,4,3,3,3,4,3,3,3,3,3,3,3,3,3,3,3,3,3,3,3,3,3,4,4,1
21,1,1,74.4,74.25,42.55,0,1,4,3,4,3,3,3,4,3,3,3,3,3,3,3,3,3,3,3,3,3,3,3,3,3,4,4,1
22,0,4,74.48,74.35,42.7,0,1,4,3,4,3,3,3,4,3,3,3,3,3,3,3,3,3,3,3,3,3,3,3,3,3,4,4,1
23,1,3,74.56,74.45,42.76,0,1,4,3,4,3,3,3,4,3,3,3,3,3,3,3,3,3,3,3,3,3,3,3,3,3,4,4,1
19,0,0,74.64,74.55,42.87,0,1,4,3,4,3,3,3,4,3,3,3,3,3,3,3,3,3,3,3,3,3,3,3,3,3,4,4,1
20,1,2,74.72,74.65,42.97,0,1,4,3,4,3,3,3,4,3,3,3,3,3,3,3,3,3,3,3,3,3,3,3,3,3,4,4,1
21,0,1,74.8,74.75,43.03,0,1,4,3,4,3,3,3,4,3,3,3,3,3,3,3,3,3,3,3,3,3,3,3,3,3,4,4,1
22,1,4,74.88,74.85,43.14,0,1,4,3,4,3,3,3,4,3,3,3,3,3,3,3,3,3,3,3,3,3,3,3,3,3,4,4,1
23,0,3,74.96,74.95,43.24,0,1,4,3,4,3,3,3,4,3,3,3,3,3,3,3,3,3,3,3,3,3,3,3,3,3,4,4,1
19,1,0,75.04,75.05,43.29,0,1,4,3,4,3,3,3,4,3,3,3,3,3,3,3,3,3,3,3,3,3,3,3,3,3,4,4,1
20,0,2,75.12,75.15,43.4,0,1,4,3,4,3,3,3,4,3,3,3,3,3,3,3,3,3,3,3,3,3,3,3,3,3,4,4,1
21,1,1,75.2,75.25,43.5,0,1,4,3,4,3,3,3,4,3,3,3,3,3,3,3,3,3,3,3,3,3,3,3,3,3,4,4,1
22,0,4,75.28,75.35,43.56,0,1,4,3,4,3,3,3,4,3,3,3,3,3,3,3,3,3,3,3,3,3,3,3,3,3,4,4,1
23,1,3,75.36,75.45,43.67,0,1,4,3,4,3,3,3,4,3,3,3,3,3,3,3,3,3,3,3,3,3,3,3,3,3,4,4,1
19,0,0,75.44,75.55,43.77,0,1,4,3,4,3,3,3,4,3,3,3,3,3,3,3,3,3,3,3,3,3,3,3,3,3,4,4,1
20,1,2,75.52,75.65,43.83,0,1,4,3,4,3,3,3,4,3,3,3,3,3,3,3,3,3,3,3,3,3,3,3,3,3,4,4,1
21,0,1,75.6,75.75,43.94,0,1,4,3,4,3,3,3,4,3,3,3,3,3,3,3,3,3,3,3,3,3,3,3,3,3,4,4,1
22,1,4,75.68,75.85,44.04,0,1,4,3,4,3,3,3,4,3,3,3,3,3,3,3,3,3,3,3,3,3,3,3,3,3,4,4,1
23,0,3,75.76,75.95,44.1,0,1,4,3,4,3,3,3,4,3,3,3,3,3,3,3,3,3,3,3,3,3,3,3,3,3,4,4,1
19,1,0,75.84,76.05,44.21,0,1,4,3,4,3,3,3,4,3,3,3,3,3,3,3,3,3,3,3,3,3,3,3,3,3,4,4,1
20,0,2,75.92,76.15,44.3,0,1,4,3,4,3,3,3,4,3,3,3,3,3,3,3,3,3,3,3,3,3,3,3,3,3,4,4,1
21,1,1,76.0,76.25,44.36,0,1,4,4,4,4,4,4,4,4,4,4,4,4,4,4,4,4,3,4,4,4,4,4,4,4,4,4,1
22,0,4,76.08,76.35,44.47,0,1,4,4,4,4,4,4,4,4,4,4,4,4,4,4,4,4,3,4,4,4,4,4,4,4,4,4,1
23,1,3,76.16,76.45,44.53,0,1,4,4,4,4,4,4,4,4,4,4,4,4,4,4,4,4,3,4,4,4,4,4,4,4,4,4,1
19,0,0,76.24,76.55,44.63,0,1,4,4,4,4,4,4,4,4,4,4,4,4,4,4,4,4,3,4,4,4,4,4,4,4,4,4,1
20,1,2,76.32,76.65,44.74,0,1,4,4,4,4,4,4,4,4,4,4,4,4,4,4,4,4,3,4,4,4,4,4,4,4,4,4,1
21,0,1,76.4,76.75,44.8,0,1,4,4,4,4,4,4,4,4,4,4,4,4,4,4,4,4,3,4,4,4,4,4,4,4,4,4,1
22,1,4,76.48,76.85,44.9,0,1,4,4,4,4,4,4,4,4,4,4,4,4,4,4,4,4,3,4,4,4,4,4,4,4,4,4,1
23,0,3,76.56,76.95,45.01,0,1,4,4,4,4,4,4,4,4,4,4,4,4,4,4,4,4,3,4,4,4,4,4,4,4,4,4,1
19,1,0,76.64,77.05,45.07,0,1,4,4,4,4,4,4,4,4,4,4,4,4,4,4,4,4,3,4,4,4,4,4,4,4,4,4,1
20,0,2,76.72,77.15,45.17,0,1,4,4,4,4,4,4,4,4,4,4,4,4,4,4,4,4,3,4,4,4,4,4,4,4,4,4,1
21,1,1,76.8,77.25,45.27,0,1,4,4,4,4,4,4,4,4,4,4,4,4,4,4,4,4,3,4,4,4,4,4,4,4,4,4,1
22,0,4,76.88,77.35,45.33,0,1,4,4,4,4,4,4,4,4,4,4,4,4,4,4,4,4,3,4,4,4,4,4,4,4,4,4,1
23,1,3,76.96,77.45,45.43,0,1,4,4,4,4,4,4,4,4,4,4,4,4,4,4,4,4,3,4,4,4,4,4,4,4,4,4,1
19,0,0,77.04,77.56,45.54,0,1,4,4,4,4,4,4,4,4,4,4,4,4,4,4,4,4,3,4,4,4,4,4,4,4,4,4,1
20,1,2,77.12,77.66,45.6,0,1,4,4,4,4,4,4,4,4,4,4,4,4,4,4,4,4,3,4,4,4,4,4,4,4,4,4,1
21,0,1,77.2,77.76,45.7,0,1,4,4,4,4,4,4,4,4,4,4,4,4,4,4,4,4,3,4,4,4,4,4,4,4,4,4,1
22,1,4,77.28,77.86,45.81,0,1,4,4,4,4,4,4,4,4,4,4,4,4,4,4,4,4,3,4,4,4,4,4,4,4,4,4,1
23,0,3,77.36,77.96,45.87,0,1,4,4,4,4,4,4,4,4,4,4,4,4,4,4,4,4,3,4,4,4,4,4,4,4,4,4,1
19,1,0,77.44,78.06,45.97,0,1,4,4,4,4,4,4,4,4,4,4,4,4,4,4,4,4,3,4,4,4,4,4,4,4,4,4,1
20,0,2,77.53,78.16,46.08,0,1,4,4,4,4,4,4,4,4,4,4,4,4,4,4,4,4,3,4,4,4,4,4,4,4,4,4,1
21,1,1,77.61,78.26,46.14,0,1,4,4,4,4,4,4,4,4,4,4,4,4,4,4,4,4,3,4,4,4,4,4,4,4,4,4,1
22,0,4,77.69,78.36,46.28,0,1,4,4,4,4,4,4,4,4,4,4,4,4,4,4,4,4,3,4,4,4,4,4,4,4,4,4,1
23,1,3,77.77,78.46,46.34,0,1,4,4,4,4,4,4,4,4,4,4,4,4,4,4,4,4,3,4,4,4,4,4,4,4,4,4,1
19,0,0,77.85,78.56,46.4,0,1,4,4,4,4,4,4,4,4,4,4,4,4,4,4,4,4,3,4,4,4,4,4,4,4,4,4,1
20,1,2,77.93,78.66,46.55,0,1,4,4,4,4,4,4,4,4,4,4,4,4,4,4,4,4,3,4,4,4,4,4,4,4,4,4,1
21,0,1,78.01,78.76,46.61,0,1,4,4,4,4,4,4,4,4,4,4,4,4,4,4,4,4,3,4,4,4,4,4,4,4,4,4,1
22,1,4,78.09,78.86,46.67,0,1,4,4,4,4,4,4,4,4,4,4,4,4,4,4,4,4,3,4,4,4,4,4,4,4,4,4,1
23,0,3,78.17,78.96,46.82,0,1,4,4,4,4,4,4,4,4,4,4,4,4,4,4,4,4,3,4,4,4,4,4,4,4,4,4,1
19,1,0,78.25,79.06,46.88,0,1,4,4,4,4,4,4,4,4,4,4,4,4,4,4,4,4,3,4,4,4,4,4,4,4,4,4,1
20,0,2,78.33,79.16,46.94,0,1,4,4,4,4,4,4,4,4,4,4,4,4,4,4,4,4,3,4,4,4,4,4,4,4,4,4,1
21,1,1,78.41,79.26,47.09,0,1,4,4,4,4,4,4,4,4,4,4,4,4,4,4,4,4,3,4,4,4,4,4,4,4,4,4,1
22,0,4,78.49,79.36,47.15,0,1,4,4,4,4,4,4,4,4,4,4,4,4,4,4,4,4,3,4,4,4,4,4,4,4,4,4,1
23,1,3,78.57,79.46,47.2,0,1,4,4,4,4,4,4,4,4,4,4,4,4,4,4,4,4,3,4,4,4,4,4,4,4,4,4,1
19,0,0,78.65,79.56,47.35,0,1,4,4,4,4,4,4,4,4,4,4,4,4,4,4,4,4,3,4,4,4,4,4,4,4,4,4,1
20,1,2,78.73,79.66,47.41,0,1,4,4,4,4,4,4,4,4,4,4,4,4,4,4,4,4,3,4,4,4,4,4,4,4,4,4,1
21,0,1,78.81,79.76,47.47,0,1,4,4,4,4,4,4,4,4,4,4,4,4,4,4,4,4,3,4,4,4,4,4,4,4,4,4,1
22,1,4,78.89,79.86,47.62,0,1,4,4,4,4,4,4,4,4,4,4,4,4,4,4,4,4,3,4,4,4,4,4,4,4,4,4,1
23,0,3,78.97,79.96,47.68,0,1,4,4,4,4,4,4,4,4,4,4,4,4,4,4,4,4,3,4,4,4,4,4,4,4,4,4,1
19,1,0,79.05,80.06,54.73,0,1,1,3,1,3,3,3,1,3,3,3,3,3,3,3,3,3,3,3,3,3,3,3,3,3,1,1,1
20,0,2,79.13,80.16,54.79,0,1,1,3,1,3,3,3,1,3,3,3,3,3,3,3,3,3,3,3,3,3,3,3,3,3,1,1,1
21,1,1,79.21,80.26,54.89,0,1,1,3,1,3,3,3,1,3,3,3,3,3,3,3,3,3,3,3,3,3,3,3,3,3,1,1,1
22,0,4,79.29,80.36,54.95,0,1,1,3,1,3,3,3,1,3,3,3,3,3,3,3,3,3,3,3,3,3,3,3,3,3,1,1,1
23,1,3,79.37,80.46,55.05,0,1,1,3,1,3,3,3,1,3,3,3,3,3,3,3,3,3,3,3,3,3,3,3,3,3,1,1,1
19,0,0,79.45,80.56,55.1,0,1,1,3,1,3,3,3,1,3,3,3,3,3,3,3,3,3,3,3,3,3,3,3,3,3,1,1,1
20,1,2,79.53,80.66,55.2,0,1,1,3,1,3,3,3,1,3,3,3,3,3,3,3,3,3,3,3,3,3,3,3,3,3,1,1,1
21,0,1,79.61,80.76,55.26,0,1,1,3,1,3,3,3,1,3,3,3,3,3,3,3,3,3,3,3,3,3,3,3,3,3,1,1,1
22,1,4,79.69,80.86,55.36,0,1,1,3,1,3,3,3,1,3,3,3,3,3,3,3,3,3,3,3,3,3,3,3,3,3,1,1,1
23,0,3,79.77,80.96,55.42,0,1,1,3,1,3,3,3,1,3,3,3,3,3,3,3,3,3,3,3,3,3,3,3,3,3,1,1,1
19,1,0,79.85,81.06,55.52,0,1,1,3,1,3,3,3,1,3,3,3,3,3,3,3,3,3,3,3,3,3,3,3,3,3,1,1,1
20,0,2,79.93,81.16,55.58,0,1,1,3,1,3,3,3,1,3,3,3,3,3,3,3,3,3,3,3,3,3,3,3,3,3,1,1,1
21,1,1,80.01,81.26,55.68,0,1,1,3,1,3,3,3,1,3,3,3,3,3,3,3,3,3,3,3,3,3,3,3,3,3,1,1,1
22,0,4,80.09,81.36,55.74,0,1,1,3,1,3,3,3,1,3,3,3,3,3,3,3,3,3,3,3,3,3,3,3,3,3,1,1,1
23,1,3,80.17,81.46,55.84,0,1,1,3,1,3,3,3,1,3,3,3,3,3,3,3,3,3,3,3,3,3,3,3,3,3,1,1,1
19,0,0,80.25,81.56,55.9,0,1,1,3,1,3,3,3,1,3,3,3,3,3,3,3,3,3,3,3,3,3,3,3,3,3,1,1,1
20,1,2,80.33,81.66,56.0,0,1,1,3,1,3,3,3,1,3,3,3,3,3,3,3,3,3,3,3,3,3,3,3,3,3,1,1,1
21,0,1,80.41,81.76,56.05,0,1,1,3,1,3,3,3,1,3,3,3,3,3,3,3,3,3,3,3,3,3,3,3,3,3,1,1,1
22,1,4,80.49,81.86,56.15,0,1,1,3,1,3,3,3,1,3,3,3,3,3,3,3,3,3,3,3,3,3,3,3,3,3,1,1,1
23,0,3,80.57,81.96,56.21,0,1,1,3,1,3,3,3,1,3,3,3,3,3,3,3,3,3,3,3,3,3,3,3,3,3,1,1,1
19,1,0,80.65,82.06,56.31,0,1,1,3,1,3,3,3,1,3,3,3,3,3,3,3,3,3,3,3,3,3,3,3,3,3,1,1,1
20,0,2,80.73,82.16,56.37,0,1,1,3,1,3,3,3,1,3,3,3,3,3,3,3,3,3,3,3,3,3,3,3,3,3,1,1,1
21,1,1,80.81,82.26,56.47,0,1,1,3,1,3,3,3,1,3,3,3,3,3,3,3,3,3,3,3,3,3,3,3,3,3,1,1,1
22,0,4,80.89,82.36,56.53,0,1,1,3,1,3,3,3,1,3,3,3,3,3,3,3,3,3,3,3,3,3,3,3,3,3,1,1,1
23,1,3,80.97,82.46,56.63,0,1,1,3,1,3,3,3,1,3,3,3,3,3,3,3,3,3,3,3,3,3,3,3,3,3,1,1,1
19,0,0,81.05,82.57,56.69,0,1,1,3,1,3,3,3,1,3,3,3,3,3,3,3,3,3,3,3,3,3,3,3,3,3,1,1,1
20,1,2,81.13,82.67,56.79,0,1,1,3,1,3,3,3,1,3,3,3,3,3,3,3,3,3,3,3,3,3,3,3,3,3,1,1,1
21,0,1,81.21,82.77,56.85,0,1,1,3,1,3,3,3,1,3,3,3,3,3,3,3,3,3,3,3,3,3,3,3,3,3,1,1,1
22,1,4,81.29,82.87,56.94,0,1,1,3,1,3,3,3,1,3,3,3,3,3,3,3,3,3,3,3,3,3,3,3,3,3,1,1,1
23,0,3,81.37,82.97,57.0,0,1,1,3,1,3,3,3,1,3,3,3,3,3,3,3,3,3,3,3,3,3,3,3,3,3,1,1,1
19,1,0,81.45,83.07,57.1,0,1,1,3,1,3,3,3,1,3,3,3,3,3,3,3,3,3,3,3,3,3,3,3,3,3,1,1,1
20,0,2,81.53,83.17,57.16,0,1,1,3,1,3,3,3,1,3,3,3,3,3,3,3,3,3,3,3,3,3,3,3,3,3,1,1,1
21,1,1,81.61,83.27,57.26,0,1,1,3,1,3,3,3,1,3,3,3,3,3,3,3,3,3,3,3,3,3,3,3,3,3,1,1,1
22,0,4,81.69,83.37,57.32,0,1,1,3,1,3,3,3,1,3,3,3,3,3,3,3,3,3,3,3,3,3,3,3,3,3,1,1,1
23,1,3,81.77,83.47,57.42,0,1,1,3,1,3,3,3,1,3,3,3,3,3,3,3,3,3,3,3,3,3,3,3,3,3,1,1,1
19,0,0,81.85,83.57,57.48,0,1,1,3,1,3,3,3,1,3,3,3,3,3,3,3,3,3,3,3,3,3,3,3,3,3,1,1,1
20,1,2,81.93,83.67,57.58,0,1,1,3,1,3,3,3,1,3,3,3,3,3,3,3,3,3,3,3,3,3,3,3,3,3,1,1,1
21,0,1,82.01,83.77,57.64,0,1,1,3,1,3,3,3,1,3,3,3,3,3,3,3,3,3,3,3,3,3,3,3,3,3,1,1,1
22,1,4,82.09,83.87,57.74,0,1,1,3,1,3,3,3,1,3,3,3,3,3,3,3,3,3,3,3,3,3,3,3,3,3,1,1,1
23,0,3,82.17,83.97,57.79,0,1,1,3,1,3,3,3,1,3,3,3,3,3,3,3,3,3,3,3,3,3,3,3,3,3,1,1,1
19,1,0,82.25,84.07,57.89,0,1,1,3,1,3,3,3,1,3,3,3,3,3,3,3,3,3,3,3,3,3,3,3,3,3,1,1,1
20,0,2,82.33,84.17,57.95,0,1,1,3,1,3,3,3,1,3,3,3,3,3,3,3,3,3,3,3,3,3,3,3,3,3,1,1,1
21,1,1,82.41,84.27,58.05,0,1,1,3,1,3,3,3,1,3,3,3,3,3,3,3,3,3,3,3,3,3,3,3,3,3,1,1,1
22,0,4,82.49,84.37,58.11,0,1,1,3,1,3,3,3,1,3,3,3,3,3,3,3,3,3,3,3,3,3,3,3,3,3,1,1,1
23,1,3,82.58,84.47,58.21,0,1,1,3,1,3,3,3,1,3,3,3,3,3,3,3,3,3,3,3,3,3,3,3,3,3,1,1,1
19,0,0,82.66,84.57,58.27,0,1,1,3,1,3,3,3,1,3,3,3,3,3,3,3,3,3,3,3,3,3,3,3,3,3,1,1,1
20,1,2,82.74,84.67,58.37,0,1,1,3,1,3,3,3,1,3,3,3,3,3,3,3,3,3,3,3,3,3,3,3,3,3,1,1,1
21,0,1,82.82,84.77,58.43,0,1,1,3,1,3,3,3,1,3,3,3,3,3,3,3,3,3,3,3,3,3,3,3,3,3,1,1,1
22,1,4,82.9,84.87,58.53,0,1,1,3,1,3,3,3,1,3,3,3,3,3,3,3,3,3,3,3,3,3,3,3,3,3,1,1,1
23,0,3,82.98,84.97,58.59,0,1,1,3,1,3,3,3,1,3,3,3,3,3,3,3,3,3,3,3,3,3,3,3,3,3,1,1,1
19,1,0,83.06,85.07,58.68,0,1,1,4,1,4,4,4,1,4,4,4,4,4,4,4,4,4,3,4,4,4,4,4,4,4,1,1,1
20,0,2,83.14,85.17,58.74,0,1,1,4,1,4,4,4,1,4,4,4,4,4,4,4,4,4,3,4,4,4,4,4,4,4,1,1,1
21,1,1,83.22,85.27,58.84,0,1,1,4,1,4,4,4,1,4,4,4,4,4,4,4,4,4,3,4,4,4,4,4,4,4,1,1,1
22,0,4,83.3,85.37,58.9,0,1,1,4,1,4,4,4,1,4,4,4,4,4,4,4,4,4,3,4,4,4,4,4,4,4,1,1,1
23,1,3,83.38,85.47,59.0,0,1,1,4,1,4,4,4,1,4,4,4,4,4,4,4,4,4,3,4,4,4,4,4,4,4,1,1,1
19,0,0,83.46,85.57,59.06,0,1,1,4,1,4,4,4,1,4,4,4,4,4,4,4,4,4,3,4,4,4,4,4,4,4,1,1,1
20,1,2,83.54,85.67,59.16,0,1,1,4,1,4,4,4,1,4,4,4,4,4,4,4,4,4,3,4,4,4,4,4,4,4,1,1,1
21,0,1,83.62,85.77,59.22,0,1,1,4,1,4,4,4,1,4,4,4,4,4,4,4,4,4,3,4,4,4,4,4,4,4,1,1,1
22,1,4,83.7,85.87,59.32,0,1,1,4,1,4,4,4,1,4,4,4,4,4,4,4,4,4,3,4,4,4,4,4,4,4,1,1,1
23,0,3,83.78,85.97,59.38,0,1,1,4,1,4,4,4,1,4,4,4,4,4,4,4,4,4,3,4,4,4,4,4,4,4,1,1,1
19,1,0,83.86,86.07,59.48,0,1,1,4,1,4,4,4,1,4,4,4,4,4,4,4,4,4,3,4,4,4,4,4,4,4,1,1,1
20,0,2,83.94,86.17,59.53,0,1,1,4,1,4,4,4,1,4,4,4,4,4,4,4,4,4,3,4,4,4,4,4,4,4,1,1,1
21,1,1,84.02,86.27,59.63,0,1,1,4,1,4,4,4,1,4,4,4,4,4,4,4,4,4,3,4,4,4,4,4,4,4,1,1,1
22,0,4,84.1,86.37,59.69,0,1,1,4,1,4,4,4,1,4,4,4,4,4,4,4,4,4,3,4,4,4,4,4,4,4,1,1,1
23,1,3,84.18,86.47,59.79,0,1,1,4,1,4,4,4,1,4,4,4,4,4,4,4,4,4,3,4,4,4,4,4,4,4,1,1,1
19,0,0,84.26,86.57,59.85,0,1,1,4,1,4,4,4,1,4,4,4,4,4,4,4,4,4,3,4,4,4,4,4,4,4,1,1,1
20,1,2,84.34,86.67,59.95,0,1,1,4,1,4,4,4,1,4,4,4,4,4,4,4,4,4,3,4,4,4,4,4,4,4,1,1,1
21,0,1,84.42,86.77,60.01,0,1,1,4,1,4,4,4,1,4,4,4,4,4,4,4,4,4,3,4,4,4,4,4,4,4,1,1,1
22,1,4,84.5,86.87,60.11,0,1,1,4,1,4,4,4,1,4,4,4,4,4,4,4,4,4,3,4,4,4,4,4,4,4,1,1,1
23,0,3,84.58,86.97,60.17,0,1,1,4,1,4,4,4,1,4,4,4,4,4,4,4,4,4,3,4,4,4,4,4,4,4,1,1,1
19,1,0,84.66,87.07,60.27,0,1,1,4,1,4,4,4,1,4,4,4,4,4,4,4,4,4,3,4,4,4,4,4,4,4,1,1,1
20,0,2,84.74,87.17,60.33,0,1,1,4,1,4,4,4,1,4,4,4,4,4,4,4,4,4,3,4,4,4,4,4,4,4,1,1,1
21,1,1,84.82,87.27,60.42,0,1,1,4,1,4,4,4,1,4,4,4,4,4,4,4,4,4,3,4,4,4,4,4,4,4,1,1,1
22,0,4,84.9,87.37,60.48,0,1,1,4,1,4,4,4,1,4,4,4,4,4,4,4,4,4,3,4,4,4,4,4,4,4,1,1,1
23,1,3,84.98,87.47,60.58,0,1,1,4,1,4,4,4,1,4,4,4,4,4,4,4,4,4,3,4,4,4,4,4,4,4,1,1,1
19,0,0,85.06,87.58,60.64,0,1,1,4,1,4,4,4,1,4,4,4,4,4,4,4,4,4,3,4,4,4,4,4,4,4,1,1,1
20,1,2,85.14,87.68,60.74,0,1,1,4,1,4,4,4,1,4,4,4,4,4,4,4,4,4,3,4,4,4,4,4,4,4,1,1,1
21,0,1,85.22,87.78,60.8,0,1,1,4,1,4,4,4,1,4,4,4,4,4,4,4,4,4,3,4,4,4,4,4,4,4,1,1,1
22,1,4,85.3,87.88,60.9,0,1,1,4,1,4,4,4,1,4,4,4,4,4,4,4,4,4,3,4,4,4,4,4,4,4,1,1,1
23,0,3,85.38,87.98,60.96,0,1,1,4,1,4,4,4,1,4,4,4,4,4,4,4,4,4,3,4,4,4,4,4,4,4,1,1,1
19,1,0,85.46,88.08,61.06,0,1,1,4,1,4,4,4,1,4,4,4,4,4,4,4,4,4,3,4,4,4,4,4,4,4,1,1,1
20,0,2,85.54,88.18,61.12,0,1,1,4,1,4,4,4,1,4,4,4,4,4,4,4,4,4,3,4,4,4,4,4,4,4,1,1,1
21,1,1,85.62,88.28,61.22,0,1,1,4,1,4,4,4,1,4,4,4,4,4,4,4,4,4,3,4,4,4,4,4,4,4,1,1,1
22,0,4,85.7,88.38,61.27,0,1,1,4,1,4,4,4,1,4,4,4,4,4,4,4,4,4,3,4,4,4,4,4,4,4,1,1,1
23,1,3,85.78,88.48,61.37,0,1,1,4,1,4,4,4,1,4,4,4,4,4,4,4,4,4,3,4,4,4,4,4,4,4,1,1,1
19,0,0,85.86,88.58,61.43,0,1,1,4,1,4,4,4,1,4,4,4,4,4,4,4,4,4,3,4,4,4,4,4,4,4,1,1,1
20,1,2,85.94,88.68,61.53,0,1,1,4,1,4,4,4,1,4,4,4,4,4,4,4,4,4,3,4,4,4,4,4,4,4,1,1,1
21,0,1,86.02,88.78,61.59,0,1,1,4,1,4,4,4,1,4,4,4,4,4,4,4,4,4,3,4,4,4,4,4,4,4,1,1,1
22,1,4,86.1,88.88,61.69,0,1,1,4,1,4,4,4,1,4,4,4,4,4,4,4,4,4,3,4,4,4,4,4,4,4,1,1,1
23,0,3,86.18,88.98,61.75,0,1,1,4,1,4,4,4,1,4,4,4,4,4,4,4,4,4,3,4,4,4,4,4,4,4,1,1,1
19,1,0,86.26,89.08,61.85,0,1,1,4,1,4,4,4,1,4,4,4,4,4,4,4,4,4,3,4,4,4,4,4,4,4,1,1,1
20,0,2,86.34,89.18,61.91,0,1,1,4,1,4,4,4,1,4,4,4,4,4,4,4,4,4,3,4,4,4,4,4,4,4,1,1,1
21,1,1,86.42,89.28,62.01,0,1,1,4,1,4,4,4,1,4,4,4,4,4,4,4,4,4,3,4,4,4,4,4,4,4,1,1,1
22,0,4,86.5,89.38,62.07,0,1,1,4,1,4,4,4,1,4,4,4,4,4,4,4,4,4,3,4,4,4,4,4,4,4,1,1,1
23,1,3,86.58,89.48,62.16,0,1,1,4,1,4,4,4,1,4,4,4,4,4,4,4,4,4,3,4,4,4,4,4,4,4,1,1,1
19,0,0,86.66,89.58,62.22,0,1,1,4,1,4,4,4,1,4,4,4,4,4,4,4,4,4,3,4,4,4,4,4,4,4,1,1,1
20,1,2,86.74,89.68,62.32,0,1,1,4,1,4,4,4,1,4,4,4,4,4,4,4,4,4,3,4,4,4,4,4,4,4,1,1,1
21,0,1,86.82,89.78,62.38,0,1,1,4,1,4,4,4,1,4,4,4,4,4,4,4,4,4,3,4,4,4,4,4,4,4,1,1,1
22,1,4,86.9,89.88,62.48,0,1,1,4,1,4,4,4,1,4,4,4,4,4,4,4,4,4,3,4,4,4,4,4,4,4,1,1,1
23,0,3,86.98,89.98,62.54,0,1,2,4,2,4,4,4,2,4,4,4,4,4,4,4,4,4,3,4,4,4,4,4,4,4,2,2,1
19,1,0,87.06,90.08,62.69,0,1,2,4,2,4,4,4,2,4,4,4,4,4,4,4,4,4,3,4,4,4,4,4,4,4,2,2,1
20,0,2,87.14,90.18,62.75,0,1,2,4,2,4,4,4,2,4,4,4,4,4,4,4,4,4,3,4,4,4,4,4,4,4,2,2,1
21,1,1,87.22,90.28,62.85,0,1,2,4,2,4,4,4,2,4,4,4,4,4,4,4,4,4,3,4,4,4,4,4,4,4,2,2,1
22,0,4,87.3,90.38,62.91,0,1,2,4,2,4,4,4,2,4,4,4,4,4,4,4,4,4,3,4,4,4,4,4,4,4,2,2,1
23,1,3,87.38,90.48,63.01,0,1,2,4,2,4,4,4,2,4,4,4,4,4,4,4,4,4,3,4,4,4,4,4,4,4,2,2,1
19,0,0,87.46,90.58,63.06,0,1,2,4,2,4,4,4,2,4,4,4,4,4,4,4,4,4,3,4,4,4,4,4,4,4,2,2,1
20,1,2,87.55,90.68,63.16,0,1,2,4,2,4,4,4,2,4,4,4,4,4,4,4,4,4,3,4,4,4,4,4,4,4,2,2,1
21,0,1,87.63,90.78,63.22,0,1,2,4,2,4,4,4,2,4,4,4,4,4,4,4,4,4,3,4,4,4,4,4,4,4,2,2,1
22,1,4,87.71,90.88,63.32,0,1,2,4,2,4,4,4,2,4,4,4,4,4,4,4,4,4,3,4,4,4,4,4,4,4,2,2,1
23,0,3,87.79,90.98,63.38,0,1,2,4,2,4,4,4,2,4,4,4,4,4,4,4,4,4,3,4,4,4,4,4,4,4,2,2,1
19,1,0,87.87,91.08,63.48,0,1,2,4,2,4,4,4,2,4,4,4,4,4,4,4,4,4,3,4,4,4,4,4,4,4,2,2,1
20,0,2,87.95,91.18,63.54,0,1,2,4,2,4,4,4,2,4,4,4,4,4,4,4,4,4,3,4,4,4,4,4,4,4,2,2,1
21,1,1,88.03,91.28,63.64,0,1,2,4,2,4,4,4,2,4,4,4,4,4,4,4,4,4,3,4,4,4,4,4,4,4,2,2,1
22,0,4,88.11,91.38,63.7,0,1,2,4,2,4,4,4,2,4,4,4,4,4,4,4,4,4,3,4,4,4,4,4,4,4,2,2,1
23,1,3,88.19,91.48,63.8,0,1,2,4,2,4,4,4,2,4,4,4,4,4,4,4,4,4,3,4,4,4,4,4,4,4,2,2,1
19,0,0,88.27,91.58,63.86,0,1,2,4,2,4,4,4,2,4,4,4,4,4,4,4,4,4,3,4,4,4,4,4,4,4,2,2,1
20,1,2,88.35,91.68,63.95,0,1,2,4,2,4,4,4,2,4,4,4,4,4,4,4,4,4,3,4,4,4,4,4,4,4,2,2,1
21,0,1,88.43,91.78,64.01,0,1,2,4,2,4,4,4,2,4,4,4,4,4,4,4,4,4,3,4,4,4,4,4,4,4,2,2,1
22,1,4,88.51,91.88,64.11,0,1,2,4,2,4,4,4,2,4,4,4,4,4,4,4,4,4,3,4,4,4,4,4,4,4,2,2,1
23,0,3,88.59,91.98,64.17,0,1,2,4,2,4,4,4,2,4,4,4,4,4,4,4,4,4,3,4,4,4,4,4,4,4,2,2,1
19,1,0,88.67,92.08,64.27,0,1,2,4,2,4,4,4,2,4,4,4,4,4,4,4,4,4,3,4,4,4,4,4,4,4,2,2,1
20,0,2,88.75,92.18,64.33,0,1,2,4,2,4,4,4,2,4,4,4,4,4,4,4,4,4,3,4,4,4,4,4,4,4,2,2,1
21,1,1,88.83,92.28,64.43,0,1,2,4,2,4,4,4,2,4,4,4,4,4,4,4,4,4,3,4,4,4,4,4,4,4,2,2,1
22,0,4,88.91,92.38,64.49,0,1,2,4,2,4,4,4,2,4,4,4,4,4,4,4,4,4,3,4,4,4,4,4,4,4,2,2,1
23,1,3,88.99,92.48,64.59,0,1,2,4,2,4,4,4,2,4,4,4,4,4,4,4,4,4,3,4,4,4,4,4,4,4,2,2,1
19,0,0,89.07,92.59,64.65,0,1,2,4,2,4,4,4,2,4,4,4,4,4,4,4,4,4,3,4,4,4,4,4,4,4,2,2,1
20,1,2,89.15,92.69,64.75,0,1,2,4,2,4,4,4,2,4,4,4,4,4,4,4,4,4,3,4,4,4,4,4,4,4,2,2,1
21,0,1,89.23,92.79,64.8,0,1,2,4,2,4,4,4,2,4,4,4,4,4,4,4,4,4,3,4,4,4,4,4,4,4,2,2,1
22,1,4,89.31,92.89,64.9,0,1,2,4,2,4,4,4,2,4,4,4,4,4,4,4,4,4,3,4,4,4,4,4,4,4,2,2,1
23,0,3,89.39,92.99,64.96,0,1,2,4,2,4,4,4,2,4,4,4,4,4,4,4,4,4,3,4,4,4,4,4,4,4,2,2,1
19,1,0,89.47,93.09,65.06,0,1,2,4,2,4,4,4,2,4,4,4,4,4,4,4,4,4,3,4,4,4,4,4,4,4,2,2,1
20,0,2,89.55,93.19,65.12,0,1,2,4,2,4,4,4,2,4,4,4,4,4,4,4,4,4,3,4,4,4,4,4,4,4,2,2,1
21,1,1,89.63,93.29,65.22,0,1,2,4,2,4,4,4,2,4,4,4,4,4,4,4,4,4,3,4,4,4,4,4,4,4,2,2,1
22,0,4,89.71,93.39,65.28,0,1,2,4,2,4,4,4,2,4,4,4,4,4,4,4,4,4,3,4,4,4,4,4,4,4,2,2,1
23,1,3,89.79,93.49,65.38,0,1,2,4,2,4,4,4,2,4,4,4,4,4,4,4,4,4,3,4,4,4,4,4,4,4,2,2,1
19,0,0,89.87,93.59,65.44,0,1,2,4,2,4,4,4,2,4,4,4,4,4,4,4,4,4,3,4,4,4,4,4,4,4,2,2,1
20,1,2,89.95,93.69,65.54,0,1,2,4,2,4,4,4,2,4,4,4,4,4,4,4,4,4,3,4,4,4,4,4,4,4,2,2,1
21,0,1,90.03,93.79,65.6,0,1,2,4,2,4,4,4,2,4,4,4,4,4,4,4,4,4,3,4,4,4,4,4,4,4,2,2,1
22,1,4,90.11,93.89,65.7,0,1,2,4,2,4,4,4,2,4,4,4,4,4,4,4,4,4,3,4,4,4,4,4,4,4,2,2,1
23,0,3,90.19,93.99,65.75,0,1,2,4,2,4,4,4,2,4,4,4,4,4,4,4,4,4,3,4,4,4,4,4,4,4,2,2,1
19,1,0,90.27,94.09,65.85,0,1,2,4,2,4,4,4,2,4,4,4,4,4,4,4,4,4,3,4,4,4,4,4,4,4,2,2,1
20,0,2,90.35,94.19,65.91,0,1,2,4,2,4,4,4,2,4,4,4,4,4,4,4,4,4,3,4,4,4,4,4,4,4,2,2,1
21,1,1,90.43,94.29,66.01,0,1,2,4,2,4,4,4,2,4,4,4,4,4,4,4,4,4,3,4,4,4,4,4,4,4,2,2,1
22,0,4,90.51,94.39,66.07,0,1,2,4,2,4,4,4,2,4,4,4,4,4,4,4,4,4,3,4,4,4,4,4,4,4,2,2,1
23,1,3,90.59,94.49,66.17,0,1,2,4,2,4,4,4,2,4,4,4,4,4,4,4,4,4,3,4,4,4,4,4,4,4,2,2,1
19,0,0,90.67,94.59,66.23,0,1,2,4,2,4,4,4,2,4,4,4,4,4,4,4,4,4,3,4,4,4,4,4,4,4,2,2,1
20,1,2,90.75,94.69,66.33,0,1,2,4,2,4,4,4,2,4,4,4,4,4,4,4,4,4,3,4,4,4,4,4,4,4,2,2,1
21,0,1,90.83,94.79,66.39,0,1,2,4,2,4,4,4,2,4,4,4,4,4,4,4,4,4,3,4,4,4,4,4,4,4,2,2,1
22,1,4,90.91,94.89,66.49,0,1,2,4,2,4,4,4,2,4,4,4,4,4,4,4,4,4,3,4,4,4,4,4,4,4,2,2,1
23,0,3,90.99,94.99,66.55,0,1,2,5,2,5,5,5,2,5,5,5,5,5,5,5,5,5,3,5,5,5,5,5,5,5,2,2,1
19,1,0,91.07,95.09,66.64,0,1,2,5,2,5,5,5,2,5,5,5,5,5,5,5,5,5,3,5,5,5,5,5,5,5,2,2,1
20,0,2,91.15,95.19,66.7,0,1,2,5,2,5,5,5,2,5,5,5,5,5,5,5,5,5,3,5,5,5,5,5,5,5,2,2,1
21,1,1,91.23,95.29,66.8,0,1,2,5,2,5,5,5,2,5,5,5,5,5,5,5,5,5,3,5,5,5,5,5,5,5,2,2,1
22,0,4,91.31,95.39,66.86,0,1,2,5,2,5,5,5,2,5,5,5,5,5,5,5,5,5,3,5,5,5,5,5,5,5,2,2,1
23,1,3,91.39,95.49,66.96,0,1,2,5,2,5,5,5,2,5,5,5,5,5,5,5,5,5,3,5,5,5,5,5,5,5,2,2,1
19,0,0,91.47,95.59,67.02,0,1,2,5,2,5,5,5,2,5,5,5,5,5,5,5,5,5,3,5,5,5,5,5,5,5,2,2,1
20,1,2,91.55,95.69,67.12,0,1,2,5,2,5,5,5,2,5,5,5,5,5,5,5,5,5,3,5,5,5,5,5,5,5,2,2,1
21,0,1,91.63,95.79,67.18,0,1,2,5,2,5,5,5,2,5,5,5,5,5,5,5,5,5,3,5,5,5,5,5,5,5,2,2,1
22,1,4,91.71,95.89,67.28,0,1,2,5,2,5,5,5,2,5,5,5,5,5,5,5,5,5,3,5,5,5,5,5,5,5,2,2,1
23,0,3,91.79,95.99,67.34,0,1,2,5,2,5,5,5,2,5,5,5,5,5,5,5,5,5,3,5,5,5,5,5,5,5,2,2,1
19,1,0,91.87,96.09,67.44,0,1,2,5,2,5,5,5,2,5,5,5,5,5,5,5,5,5,3,5,5,5,5,5,5,5,2,2,1
20,0,2,91.95,96.19,67.49,0,1,2,5,2,5,5,5,2,5,5,5,5,5,5,5,5,5,3,5,5,5,5,5,5,5,2,2,1
21,1,1,92.03,96.29,67.59,0,1,2,5,2,5,5,5,2,5,5,5,5,5,5,5,5,5,3,5,5,5,5,5,5,5,2,2,1
22,0,4,92.11,96.39,67.65,0,1,2,5,2,5,5,5,2,5,5,5,5,5,5,5,5,5,3,5,5,5,5,5,5,5,2,2,1
23,1,3,92.19,96.49,67.75,0,1,2,5,2,5,5,5,2,5,5,5,5,5,5,5,5,5,3,5,5,5,5,5,5,5,2,2,1
19,0,0,92.27,96.59,67.81,0,1,2,5,2,5,5,5,2,5,5,5,5,5,5,5,5,5,3,5,5,5,5,5,5,5,2,2,1
20,1,2,92.35,96.69,67.91,0,1,2,5,2,5,5,5,2,5,5,5,5,5,5,5,5,5,3,5,5,5,5,5,5,5,2,2,1
21,0,1,92.43,96.79,67.97,0,1,2,5,2,5,5,5,2,5,5,5,5,5,5,5,5,5,3,5,5,5,5,5,5,5,2,2,1
22,1,4,92.52,96.89,68.07,0,1,2,5,2,5,5,5,2,5,5,5,5,5,5,5,5,5,3,5,5,5,5,5,5,5,2,2,1
23,0,3,92.6,96.99,68.13,0,1,2,5,2,5,5,5,2,5,5,5,5,5,5,5,5,5,3,5,5,5,5,5,5,5,2,2,1
19,1,0,92.68,97.09,68.23,0,1,2,5,2,5,5,5,2,5,5,5,5,5,5,5,5,5,3,5,5,5,5,5,5,5,2,2,1
20,0,2,92.76,97.19,68.29,0,1,2,5,2,5,5,5,2,5,5,5,5,5,5,5,5,5,3,5,5,5,5,5,5,5,2,2,1
21,1,1,92.84,97.29,68.38,0,1,2,5,2,5,5,5,2,5,5,5,5,5,5,5,5,5,3,5,5,5,5,5,5,5,2,2,1
22,0,4,92.92,97.39,68.44,0,1,2,5,2,5,5,5,2,5,5,5,5,5,5,5,5,5,3,5,5,5,5,5,5,5,2,2,1
23,1,3,93.0,97.49,68.54,0,1,2,5,2,5,5,5,2,5,5,5,5,5,5,5,5,5,3,5,5,5,5,5,5,5,2,2,1
19,0,0,93.08,97.6,68.6,0,1,2,5,2,5,5,5,2,5,5,5,5,5,5,5,5,5,3,5,5,5,5,5,5,5,2,2,1
20,1,2,93.16,97.7,68.7,0,1,2,5,2,5,5,5,2,5,5,5,5,5,5,5,5,5,3,5,5,5,5,5,5,5,2,2,1
21,0,1,93.24,97.8,68.76,0,1,2,5,2,5,5,5,2,5,5,5,5,5,5,5,5,5,3,5,5,5,5,5,5,5,2,2,1
22,1,4,93.32,97.9,68.86,0,1,2,5,2,5,5,5,2,5,5,5,5,5,5,5,5,5,3,5,5,5,5,5,5,5,2,2,1
23,0,3,93.4,98.0,68.92,0,1,2,5,2,5,5,5,2,5,5,5,5,5,5,5,5,5,3,5,5,5,5,5,5,5,2,2,1
19,1,0,93.48,98.1,69.02,0,1,2,5,2,5,5,5,2,5,5,5,5,5,5,5,5,5,3,5,5,5,5,5,5,5,2,2,1
20,0,2,93.56,98.2,69.08,0,1,2,5,2,5,5,5,2,5,5,5,5,5,5,5,5,5,3,5,5,5,5,5,5,5,2,2,1
21,1,1,93.64,98.3,69.18,0,1,2,5,2,5,5,5,2,5,5,5,5,5,5,5,5,5,3,5,5,5,5,5,5,5,2,2,1
22,0,4,93.72,98.4,69.23,0,1,2,5,2,5,5,5,2,5,5,5,5,5,5,5,5,5,3,5,5,5,5,5,5,5,2,2,1
23,1,3,93.8,98.5,69.33,0,1,2,5,2,5,5,5,2,5,5,5,5,5,5,5,5,5,3,5,5,5,5,5,5,5,2,2,1
19,0,0,93.88,98.6,69.39,0,1,2,5,2,5,5,5,2,5,5,5,5,5,5,5,5,5,3,5,5,5,5,5,5,5,2,2,1
20,1,2,93.96,98.7,69.49,0,1,2,5,2,5,5,5,2,5,5,5,5,5,5,5,5,5,3,5,5,5,5,5,5,5,2,2,1
21,0,1,94.04,98.8,69.55,0,1,2,5,2,5,5,5,2,5,5,5,5,5,5,5,5,5,3,5,5,5,5,5,5,5,2,2,1
22,1,4,94.12,98.9,69.65,0,1,2,5,2,5,5,5,2,5,5,5,5,5,5,5,5,5,3,5,5,5,5,5,5,5,2,2,1
23,0,3,94.2,99.0,69.71,0,1,2,5,2,5,5,5,2,5,5,5,5,5,5,5,5,5,3,5,5,5,5,5,5,5,2,2,1
19,1,0,94.28,99.1,69.81,0,1,2,5,2,5,5,5,2,5,5,5,5,5,5,5,5,5,3,5,5,5,5,5,5,5,2,2,1
20,0,2,94.36,99.2,69.87,0,1,2,5,2,5,5,5,2,5,5,5,5,5,5,5,5,5,3,5,5,5,5,5,5,5,2,2,1
21,1,1,94.44,99.3,69.97,0,1,2,5,2,5,5,5,2,5,5,5,5,5,5,5,5,5,3,5,5,5,5,5,5,5,2,2,1
22,0,4,94.52,99.4,70.03,0,1,2,5,2,5,5,5,2,5,5,5,5,5,5,5,5,5,3,5,5,5,5,5,5,5,2,2,1
23,1,3,94.6,99.5,70.12,0,1,2,5,2,5,5,5,2,5,5,5,5,5,5,5,5,5,3,5,5,5,5,5,5,5,2,2,1
19,0,0,94.68,99.6,70.18,0,1,2,5,2,5,5,5,2,5,5,5,5,5,5,5,5,5,3,5,5,5,5,5,5,5,2,2,1
20,1,2,94.76,99.7,70.28,0,1,2,5,2,5,5,5,2,5,5,5,5,5,5,5,5,5,3,5,5,5,5,5,5,5,2,2,1
21,0,1,94.84,99.8,70.34,0,1,2,5,2,5,5,5,2,5,5,5,5,5,5,5,5,5,3,5,5,5,5,5,5,5,2,2,1
22,1,4,94.92,99.9,70.44,0,1,2,5,2,5,5,5,2,5,5,5,5,5,5,5,5,5,3,5,5,5,5,5,5,5,2,2,1
23,0,3,95.0,100.0,70.5,0,1,2,5,2,5,5,5,2,5,5,5,5,5,5,5,5,5,3,5,5,5,5,5,5,5,2,2,1
