Attribute,Mean Score (Post-Survey),Interpretation
How much does a positive emotional state improve your performance? ,4.75,Improved (Positive NLP Trait)
How well can you sustain a flow state while learning? ,4.75,Improved (Positive NLP Trait)
How strongly does slow/deep breathing improve your mental clarity? ,4.75,Improved (Positive NLP Trait)
How constructive is your self-talk during difficulty? ,4.75,Improved (Positive NLP Trait)
How consistently do your mental patterns help you stay productive? ,4.75,Improved (Positive NLP Trait)
How capable are you of creating new positive anchors intentionally? ,4.75,Improved (Positive NLP Trait)
How effective are your positive triggers in boosting confidence? ,4.75,Improved (Positive NLP Trait)
How frequently do you repeat specific study behaviors? ,4.75,Improved (Positive NLP Trait)
How motivated are you to build new habits? ,4.75,Improved (Positive NLP Trait)
How easily can you change your study approach when needed? ,4.75,Improved (Positive NLP Trait)
How effectively do you track your progress? ,4.75,Improved (Positive NLP Trait)
How effective is your usual approach to solving problems? ,4.75,Improved (Positive NLP Trait)
How successful is your most effective strategy? ,4.75,Improved (Positive NLP Trait)
How specific and measurable are your goals? ,4.75,Improved (Positive NLP Trait)
How clearly defined are your steps toward achieving goals? ,4.75,Improved (Positive NLP Trait)
How detailed are your mental rehearsals before exams? ,4.75,Improved (Positive NLP Trait)
How motivating is your mental image of the future? ,4.75,Improved (Positive NLP Trait)
How clearly do you define your desired results? ,4.75,Improved (Positive NLP Trait)
How effectively can you regulate your emotions under pressure? ,1.25,Reduced (Negative Emotional Trait)
How quickly can you shift from stress to calm? ,1.25,Reduced (Negative Emotional Trait)
How intense are the emotions you feel before tests or deadlines? ,1.25,Reduced (Negative Emotional Trait)
How strongly does inner dialogue affect your performance? ,1.25,Reduced (Negative Emotional Trait)
