NLP Attribute,Pre-Survey Mean,Post-Survey Mean,Numerical Change,Interpretation
How capable are you of creating new positive anchors intentionally? ,3.11,4.75,1.64,Improved (Positive NLP Factor)
How clearly defined are your steps toward achieving goals? ,3.11,4.75,1.64,Improved (Positive NLP Factor)
How clearly do you define your desired results? ,3.11,4.75,1.64,Improved (Positive NLP Factor)
How consistently do your mental patterns help you stay productive? ,3.11,4.75,1.64,Improved (Positive NLP Factor)
How constructive is your self-talk during difficulty? ,3.11,4.75,1.64,Improved (Positive NLP Factor)
How detailed are your mental rehearsals before exams? ,3.11,4.75,1.64,Improved (Positive NLP Factor)
How easily can you change your study approach when needed? ,3.11,4.75,1.64,Improved (Positive NLP Factor)
How effective are your positive triggers in boosting confidence? ,3.11,4.75,1.64,Improved (Positive NLP Factor)
How effective is your usual approach to solving problems? ,3.11,4.75,1.64,Improved (Positive NLP Factor)
How frequently do you repeat specific study behaviors? ,3.11,4.75,1.64,Improved (Positive NLP Factor)
How motivated are you to build new habits? ,3.11,4.75,1.64,Improved (Positive NLP Factor)
How motivating is your mental image of the future? ,3.11,4.75,1.64,Improved (Positive NLP Factor)
How much does a positive emotional state improve your performance? ,3.11,4.75,1.64,Improved (Positive NLP Factor)
How specific and measurable are your goals? ,3.11,4.75,1.64,Improved (Positive NLP Factor)
How strongly does slow/deep breathing improve your mental clarity? ,3.11,4.75,1.64,Improved (Positive NLP Factor)
How successful is your most effective strategy? ,3.11,4.75,1.64,Improved (Positive NLP Factor)
How well can you sustain a flow state while learning? ,3.11,4.75,1.64,Improved (Positive NLP Factor)
How effectively can you regulate your emotions under pressure? ,3.01,1.25,1.76,Reduced (Negative NLP Factor)
How intense are the emotions you feel before tests or deadlines? ,3.01,1.25,1.76,Reduced (Negative NLP Factor)
How quickly can you shift from stress to calm? ,3.01,1.25,1.76,Reduced (Negative NLP Factor)
How strongly does inner dialogue affect your performance? ,3.01,1.25,1.76,Reduced (Negative NLP Factor)
